<?xml version="1.0" encoding="utf-8" ?>
<control xmlns:def="Definition" xmlns="http://schemas.sitecore.net/Visual-Studio-Intellisense">
  <MediaLink>
    <FormDialog Icon="Applications/32x32/photo_scenery.png" 
      Header="Insert Media Link" Text="Navigate to the media item that you want to link to and specify any additional properties for the link." OKButton="Insert">
      <CodeBeside Type="Sitecore.Avanade.Foundation.Analytics.Sheer.MediaLink.MediaLinkFormWithAnalytics,Sitecore.Avanade.Foundation.Analytics"/>

      <DataContext ID="MediaLinkDataContext" Root="{3D6658D8-A0BF-4E75-B3E2-D050FABCF4E1}"/>
      <UpAction ID="UpAction" DataContext="MediaLinkDataContext"/>
      
      <div class="scStretch">
        <div class="col2">
          <Scrollbox Border="1px solid #CFCFCF">
            <TreeviewEx ID="MediaLinkTreeview" Style="padding-top: 10px" DataContext="MediaLinkDataContext" Click="SelectTreeNode" DblClick="OnOpen" ContextMenu='MediaLinkTreeview.GetContextMenu("contextmenu")' />
          </Scrollbox>
        </div>
        <div class="col2">

          <Border ID="Preview" Align="Center" Height="136px" Padding="4px" Background="white" Class="scInsetBorder"/>

          <Border Background="transparent" Border="none" GridPanel.VAlign="top" Padding="4px 0px 0px 0px">
            <GridPanel Class ="scFormTable" CellPadding="2" Columns="2" Width="100%">
              <Literal Text="Link description:" GridPanel.NoWrap="true"/>
              <Edit ID="Text" Width="100%" GridPanel.Width="100%"/>
              
              <Label for="Target" GridPanel.NoWrap="true"><Literal Text="Target window:"/></Label>
              <Combobox ID="Target" Width="100%" Change="OnListboxChanged">
                <ListItem Value="Self" Header="Active browser"/>
                <ListItem Value="New" Header="New browser"/>
                <ListItem Value="Custom" Header="Custom"/>
              </Combobox>
              
              <Panel ID="CustomLabel" Disabled="true" Background="transparent" Border="none" GridPanel.NoWrap="true"><Label For="CustomTarget"><Literal Text="Custom:" /></Label></Panel>
              <Edit ID="CustomTarget" Width="100%" Disabled="true"/>

              <Literal Text="Style class:" GridPanel.NoWrap="true"/>
              <Edit ID="Class" Width="100%"/>
              
              <Literal Text="Alternate text:" GridPanel.NoWrap="true"/>
              <Edit ID="Title" Width="100%"/>

              <Literal Text="Goals:" GridPanel.NoWrap="true" />
              <Combobox ID="Goals" Width="100%" GridPanel.Width="100%"></Combobox>

              <Literal Text="Events:" GridPanel.NoWrap="true" />
              <Combobox ID="Events" Width="100%" GridPanel.Width="100%"></Combobox>
            </GridPanel>
          </Border>

        </div>
      
      </div>

      <Button id="Upload" Header="Upload" def:placeholder="Buttons" Click="UploadImage"/>
      
    </FormDialog>
  </MediaLink>
</control>
