﻿<?xml version="1.0" encoding="utf-8" ?>
<control xmlns:def="Definition" xmlns="http://schemas.sitecore.net/Visual-Studio-Intellisense">
  <RichText.InsertAiAnalytics>
    <FormDialog Icon="Network/32x32/link.png" Header="Insert Analytics" Text="Select an event and / or goal to associate with this link." OKButton="Insert">

      <script Type="text/javascript" Language="javascript" Src="/sitecore/shell/Controls/Rich Text Editor/Analytics/InsertAiAnalytics.js">.</script>

      <CodeBeside Type="Sitecore.Avanade.Foundation.Analytics.Sheer.InsertAiAnalytics.InsertAiAnalyticsForm,Sitecore.Avanade.Foundation.Analytics"/>

      <Label ID="CurrentSelection" Width="100%" />

      <GridPanel ID="AiAnalyticsForm" Width="100%" Columns="2" CellPadding="2">
            
        <Label ID="EventsLbl" For="Events" GridPanel.NoWrap="true">
          <Literal ID="EventLit" Text="Events:"/>
        </Label>
        <Combobox ID="Events" GridPanel.Width="90%" Width="100%" ></Combobox>
            
        <Label ID="GoalsLbl" For="Goals" GridPanel.NoWrap="true">
          <Literal ID="GoalsLit" Text="Goals:"/>
        </Label>
        <Combobox ID="Goals" GridPanel.Width="90%" Width="100%" ></Combobox>
            
      </GridPanel>

    </FormDialog>
  </RichText.InsertAiAnalytics>
</control>
