<?xml version="1.0" encoding="utf-8" ?>
<control xmlns:def="Definition" xmlns="http://schemas.sitecore.net/Visual-Studio-Intellisense">
  <ExternalLink>
    <FormDialog Header="Insert External Link" Text="Enter the URL for the external website that you want to insert a link to and specify any additional properties for the link." OKButton="Insert">

      <CodeBeside Type="Sitecore.Avanade.Foundation.Analytics.Sheer.ExternalLink.ExternalLinkFormWithAnalytics,Sitecore.Avanade.Foundation.Analytics"/>

      <GridPanel Class="scFormTable" CellPadding="2" Columns="2" Width="100%">
        <Label For="Text" GridPanel.NoWrap="true"><Literal Text="Link description:"/></Label>
        <Edit ID="Text" Width="100%" GridPanel.Width="100%"/>
        
        <Label For="Url" GridPanel.NoWrap="true"><Literal Text="URL:"/></Label>
        <Border>
          <GridPanel Columns="2" Width="100%">
            <Edit ID="Url" Width="100%" GridPanel.Width="100%" />
            <Button id="Test" Header="Test" Style="margin-left: 10px;" Click="OnTest"/>
          </GridPanel>
        </Border>

        <Label for="Target" GridPanel.NoWrap="true"><Literal Text="Target window:"/></Label>
        <Combobox ID="Target" GridPanel.Width="100%" Width="100%" Change="OnListboxChanged">
          <ListItem Value="Self" Header="Active browser"/>
          <ListItem Value="New" Header="New browser"/>
          <ListItem Value="Custom" Header="Custom"/>
        </Combobox>
        
        <Panel ID="CustomLabel" Disabled="true" Background="transparent" Border="none" GridPanel.NoWrap="true"><Label For="CustomTarget"><Literal Text="Custom:" /></Label></Panel>
        <Edit ID="CustomTarget" Width="100%" Disabled="true"/>

        <Label For="Class" GridPanel.NoWrap="true"><Literal Text="Style class:" /></Label>
        <Edit ID="Class" Width="100%" />
        
        <Label for="Title" GridPanel.NoWrap="true"><Literal Text="Alternate text:"/></Label>
        <Edit ID="Title" Width="100%" />
		
		    <Label for="Goals" ID="GoalsLbl" GridPanel.NoWrap="true"><Literal Text="Goals:"/></Label>
        <Combobox ID="Goals" GridPanel.Width="100%" Width="100%"></Combobox>

        <Label for="Events" ID="EventsLbl" GridPanel.NoWrap="true"><Literal Text="Events:" /></Label>
        <Combobox ID="Events" GridPanel.Width="100%" Width="100%"></Combobox>
      </GridPanel>
      
    </FormDialog>
  </ExternalLink>
</control>
