<?xml version="1.0" encoding="utf-8" ?>
<!-- For more information on using transformations 
     see the web.config examples at http://go.microsoft.com/fwlink/?LinkId=214134. -->
<control xmlns:def="Definition" xmlns:html="http://www.sitecore.net/html" xmlns:xdt="http://schemas.microsoft.com/XML-Document-Transform" xmlns="http://schemas.sitecore.net/Visual-Studio-Intellisense">
  <GlobalHeader xdt:Transform="InsertIfMissing">
    <Border xdt:Transform="InsertIfMissing">
      <div class="sc-globalHeader-content" xdt:Transform="InsertIfMissing">
        <div class="col2" xdt:Transform="InsertIfMissing">
          <div class="globalheaderxml" style="float: left;position: relative;top: -51px;left: 50px;font-size: 3em;" xdt:Transform="Insert">PROD DEL INSTANCE</div>
        </div>
      </div>
    </Border>
  </GlobalHeader>
</control>