﻿<?xml version="1.0" encoding="utf-8" ?>
<control xmlns:def="Definition" xmlns="http://schemas.sitecore.net/Visual-Studio-Intellisense" xmlns:html="http://www.sitecore.net/html">
  <GlobalHeader def:inherits="Sitecore.Shell.Controls.GlobalHeaderForm,Sitecore.Client">

    <Border id="globalHeader" class="sc-globalHeader">
      <link type="text/css" rel="stylesheet" href="/sitecore/shell/Themes/Standard/Default/GlobalHeader.css" />

      <div class="sc-globalHeader-content">
        <div class="col2">
          <div class="sc-globalHeader-startButton">
            <html:HtmlAnchor ID="globalLogo" class="sc-global-logo" href="#">&#160;</html:HtmlAnchor>
          </div>
        </div>
        <div class="col2">
          <div class="sc-globalHeader-loginInfo">

            <ul class="sc-accountInformation">
              <li>
                <span class="logout" onclick="javascript:return scForm.postEvent(this,event,'system:logout');">
                  <Literal Text="Logout"/>
                </span>
              </li>
              <li>
                <Literal ID="globalHeaderUserName"/>
                <ThemedImage ID="globalHeaderUserPortrait"></ThemedImage>
              </li>
            </ul>
          </div>
        </div>
      </div>
    </Border>

    <Script Type="text/javascript">
      Event.observe(window, "load", function () {
        if (window.scForm) {
          window.scForm.registerLaunchpadClick();
        }
      });
    </Script>
  </GlobalHeader>
</control>